{"schemaVersion":"1.0","appDefinitionTemplate":{"id":"/providers/Microsoft.PowerApps/apps/","type":"Microsoft.PowerApps/apps","tags":{"primaryDeviceWidth":"640","primaryDeviceHeight":"1136","sienaVersion":"20200912T052753Z-3.20085.19.0","deviceCapabilities":"","supportsPortrait":"true","supportsLandscape":"false","primaryFormFactor":"Phone","publisherVersion":"3.20085.19","minimumRequiredApiVersion":"2.2.0","hasComponent":"false","hasUnlockedComponent":"false","isUnifiedRootApp":"false"},"properties":{"appVersion":"2020-09-12T05:27:53Z","lifeCycleId":"Published","createdByClientVersion":{"major":3,"minor":20085,"build":19,"revision":0,"majorRevision":0,"minorRevision":0},"minClientVersion":{"major":3,"minor":20085,"build":19,"revision":0,"majorRevision":0,"minorRevision":0},"backgroundColor":"rgba(0, 176, 240, 1)","backgroundImageUri":"/11820727435240918467/Naf23a5a0-bc24-4fb7-a502-1cd62cd3a4fe-logoSmallFile","displayName":"Taxi driver app","description":"","commitMessage":"","appUris":{"documentUri":{"value":"/11820727435240918467/Nbe10ea35-8148-4c7e-82b7-df735f5e9e2c-document.msapp","readonlyValue":"/11820727435240918467/Nbe10ea35-8148-4c7e-82b7-df735f5e9e2c-document.msapp"},"imageUris":[]},"createdTime":"0001-01-01T00:00:00Z","lastModifiedTime":"0001-01-01T00:00:00Z","sharedGroupsCount":0,"sharedUsersCount":0,"icons":{"smallIconUri":"/11820727435240918467/Nc7a2f5c9-60b9-471a-9dc9-53b29a49bd1f-small.png","mediumIconUri":"/11820727435240918467/N191729fb-910e-48d8-9a4e-dfefab37c2fc-medium.png","largeIconUri":"/11820727435240918467/Na7d4c0f0-f494-4d59-a9ca-ce9d0956c14e-large.png","wideIconUri":"/11820727435240918467/Ndfca2c6e-6854-4a5f-a4cc-b1e13e82066c-wide.png"},"connectionReferences":{"257a9f5d-907b-4011-972d-22f8b97f3d4f":{"id":"ebf122e5-ccf5-44d5-99d8-b2b528eaa09b","displayName":"Excel","iconUri":"https://connectoricons-prod.azureedge.net/excel/icon_1.0.1352.2014.png","dataSources":["Table1"],"dependencies":["7346c4dc-fb8d-4278-80bc-cf23c155044e"],"dependents":[],"parameterHints":{"7346c4dc-fb8d-4278-80bc-cf23c155044e":{"value":"fileSource"}},"isOnPremiseConnection":false,"dataSets":{"1kUEgsGvn3pj22aO5RRKtTDB2p75scWc2":{"dataSources":{"Table1":{"tableName":"Table1"}}}},"apiTier":"Standard","isCustomApiConnection":false},"7346c4dc-fb8d-4278-80bc-cf23c155044e":{"id":"99aa989d-1be3-463f-b694-8d659904e771","displayName":"Google Drive","iconUri":"https://connectoricons-prod.azureedge.net/googledrive/icon_1.0.1338.1980.png","dataSources":[],"dependencies":[],"dependents":["257a9f5d-907b-4011-972d-22f8b97f3d4f"],"parameterHints":{},"isOnPremiseConnection":false,"dataSets":{},"apiTier":"Standard","isCustomApiConnection":false}},"databaseReferences":{"default.cds":{"databaseDetails":{"referenceType":"NotSpecified","environmentName":"default.cds"},"dataSources":{"Accounts":{"entitySetName":"accounts","logicalName":"account"},"tesr":{"entitySetName":"new_tesrs","logicalName":"new_tesr"}}}},"almMode":"Environment","performanceOptimizationEnabled":true,"canConsumeAppPass":true},"isAppComponentLibrary":false,"appType":"ClassicCanvasApp","appComponents":[]}}